{"config":{"type":"image","tool_type":"pil"},
    "PT-127.99.88" : {
        "alias" : "Load Image",
        "function" : "func1",
        "arguments" : {
            "main_args" : {},
            "controled_args" : {},
            "button":{"arg":"button_get_image","title":"Open Image"}
        }
    },
    "PT-118.122.125" : {
        "alias" : "Change Contrast",
        "function" : "terminal_func2",
        "arguments" : {
            "main_args" : {
                "argument1":"Image "
            },
            "controled_args" : {
                "controled_factor":"Please type value between 0 and 1"
            }
        }
    },
    "PT-127.99.89" : {
        "alias" : "Change Brightnes",
        "function" : "func3",
        "arguments" : {
            "main_args" :  {
                "argument1":"Image Input Image Input Image Input"
            },
            "controled_args" : {
                "controled_factor":"Please type value between 0 and 1"
            }
        }
    }
}
